"exp","group","ME","SE","CI_lo","CI_hi","ME_pct","CI_lo_pct","CI_hi_pct"
0,"Nam",-0.14173,0.03332,-0.20704,-0.07642,-13.21428,-18.70116,-7.35708
1,"Nam",-0.14522,0.03098,-0.20594,-0.0845,-13.5168,-18.61211,-8.10249
2,"Nam",-0.14871,0.02876,-0.20507,-0.09235,-13.81826,-18.54131,-8.82137
3,"Nam",-0.1522,0.02667,-0.20449,-0.09992,-14.11868,-18.49342,-9.50913
4,"Nam",-0.1557,0.02477,-0.20425,-0.10714,-14.41804,-18.47427,-10.16
5,"Nam",-0.15919,0.0231,-0.20446,-0.11392,-14.71637,-18.491,-10.76694
6,"Nam",-0.16268,0.0217,-0.2052,-0.12015,-15.01365,-18.5519,-11.3217
7,"Nam",-0.16617,0.02063,-0.2066,-0.12574,-15.3099,-18.66587,-11.81546
8,"Nam",-0.16966,0.01995,-0.20876,-0.13056,-15.60512,-18.8412,-12.24
9,"Nam",-0.17316,0.01969,-0.21176,-0.13455,-15.8993,-19.08385,-12.58942
10,"Nam",-0.17665,0.01988,-0.21562,-0.13767,-16.19246,-19.39581,-12.86181
11,"Nam",-0.18014,0.0205,-0.22033,-0.13995,-16.4846,-19.77433,-13.05997
12,"Nam",-0.18363,0.02152,-0.22581,-0.14146,-16.77572,-20.21265,-13.19074
13,"Nam",-0.18712,0.02287,-0.23195,-0.14229,-17.06583,-20.70164,-13.26331
14,"Nam",-0.19061,0.02451,-0.23866,-0.14257,-17.35492,-21.23162,-13.28743
15,"Nam",-0.19411,0.02638,-0.24582,-0.1424,-17.64301,-21.79358,-13.27215
16,"Nam",-0.1976,0.02844,-0.25334,-0.14185,-17.93009,-22.37985,-13.22524
17,"Nam",-0.20109,0.03065,-0.26116,-0.14102,-18.21617,-22.98415,-13.15301
18,"Nam",-0.20458,0.03297,-0.26921,-0.13996,-18.50125,-23.60154,-13.06048
19,"Nam",-0.20807,0.03539,-0.27744,-0.13871,-18.78535,-24.22814,-12.95159
20,"Nam",-0.21157,0.03789,-0.28583,-0.1373,-19.06845,-24.86096,-12.82939
21,"Nam",-0.21506,0.04045,-0.29434,-0.13578,-19.35056,-25.49767,-12.69626
22,"Nam",-0.21855,0.04306,-0.30295,-0.13415,-19.63169,-26.13646,-12.55408
23,"Nam",-0.22204,0.04572,-0.31165,-0.13244,-19.91184,-26.77591,-12.40433
24,"Nam",-0.22553,0.04841,-0.32041,-0.13066,-20.19101,-27.4149,-12.24818
25,"Nam",-0.22903,0.05113,-0.32923,-0.12882,-20.46921,-28.05257,-12.08656
26,"Nam",-0.23252,0.05387,-0.33811,-0.12693,-20.74644,-28.68821,-11.92023
27,"Nam",-0.23601,0.05664,-0.34703,-0.12499,-21.02271,-29.32125,-11.74982
28,"Nam",-0.2395,0.05943,-0.35598,-0.12302,-21.29801,-29.95125,-11.57582
29,"Nam",-0.24299,0.06223,-0.36496,-0.12102,-21.57235,-30.57785,-11.39866
30,"Nam",-0.24649,0.06505,-0.37398,-0.11899,-21.84574,-31.20075,-11.21867
0,"Nữ",-0.15809,0.02523,-0.20754,-0.10864,-14.62264,-18.74171,-10.29476
1,"Nữ",-0.15947,0.02313,-0.2048,-0.11414,-14.74059,-18.51913,-10.78682
2,"Nữ",-0.16085,0.0212,-0.20241,-0.1193,-14.85838,-18.324,-11.2457
3,"Nữ",-0.16224,0.0195,-0.20046,-0.12401,-14.97601,-18.16485,-11.6629
4,"Nữ",-0.16362,0.0181,-0.19909,-0.12815,-15.09347,-18.05218,-12.02794
5,"Nữ",-0.165,0.01705,-0.19842,-0.13158,-15.21077,-17.99781,-12.32902
6,"Nữ",-0.16638,0.01644,-0.19861,-0.13416,-15.32791,-18.01299,-12.5549
7,"Nữ",-0.16777,0.01631,-0.19974,-0.13579,-15.44489,-18.10552,-12.69783
8,"Nữ",-0.16915,0.01668,-0.20183,-0.13646,-15.56171,-18.27691,-12.7563
9,"Nữ",-0.17053,0.0175,-0.20483,-0.13623,-15.67836,-18.52178,-12.73572
10,"Nữ",-0.17191,0.01873,-0.20862,-0.13521,-15.79486,-18.82976,-12.64648
11,"Nữ",-0.1733,0.02028,-0.21305,-0.13354,-15.91119,-19.18862,-12.50085
12,"Nữ",-0.17468,0.0221,-0.21799,-0.13137,-16.02737,-19.58675,-12.31043
13,"Nữ",-0.17606,0.02411,-0.22332,-0.1288,-16.14338,-20.0144,-12.08501
14,"Nữ",-0.17744,0.02628,-0.22896,-0.12593,-16.25923,-20.46389,-11.83229
15,"Nữ",-0.17883,0.02857,-0.23483,-0.12282,-16.37492,-20.92937,-11.55814
16,"Nữ",-0.18021,0.03095,-0.24088,-0.11954,-16.49045,-21.40643,-11.26699
17,"Nữ",-0.18159,0.03341,-0.24708,-0.11611,-16.60583,-21.8918,-10.96212
18,"Nữ",-0.18297,0.03592,-0.25338,-0.11256,-16.72104,-22.38302,-10.64603
19,"Nữ",-0.18436,0.03848,-0.25978,-0.10893,-16.83609,-22.8782,-10.32062
20,"Nữ",-0.18574,0.04108,-0.26626,-0.10522,-16.95099,-23.37593,-9.98732
21,"Nữ",-0.18712,0.04371,-0.27279,-0.10145,-17.06573,-23.8751,-9.64725
22,"Nữ",-0.1885,0.04637,-0.27938,-0.09763,-17.1803,-24.37486,-9.3013
23,"Nữ",-0.18989,0.04904,-0.28601,-0.09376,-17.29472,-24.87453,-8.95015
24,"Nữ",-0.19127,0.05174,-0.29268,-0.08986,-17.40898,-25.37358,-8.59436
25,"Nữ",-0.19265,0.05445,-0.29937,-0.08593,-17.52309,-25.87158,-8.23437
26,"Nữ",-0.19403,0.05717,-0.30609,-0.08198,-17.63703,-26.36819,-7.87054
27,"Nữ",-0.19542,0.05991,-0.31284,-0.078,-17.75082,-26.86313,-7.50318
28,"Nữ",-0.1968,0.06265,-0.3196,-0.074,-17.86445,-27.35618,-7.13253
29,"Nữ",-0.19818,0.06541,-0.32638,-0.06998,-17.97793,-27.84714,-6.75879
30,"Nữ",-0.19956,0.06817,-0.33318,-0.06595,-18.09124,-28.33586,-6.38213
